Messages,Time,Usage,Cost
Beep,1,1,1
Drone1,2,1,1
Drone2,2,1,1
Drone3,2,1,1
Drone4,2,1,1
Battery,2,1,1
WindSpeed,2,1,1
Rotor,2,1,1
Altitude,2,1,1
NoFlyZone,2,1,1
Distance,2,1,1
Drone1_Battery,3,1,1
Drone1_WindSpeed,3,1,1
Drone1_Rotor,3,1,1
Drone1_Altitude,3,1,1
Drone1_NoFlyZone,3,1,1
Drone1_Distance,3,1,1
Drone2_Battery,3,1,1
Drone2_WindSpeed,3,1,1
Drone2_Rotor,3,1,1
Drone2_Altitude,3,1,1
Drone2_NoFlyZone,3,1,1
Drone2_Distance,3,1,1
Drone3_Battery,3,1,1
Drone3_WindSpeed,3,1,1
Drone3_Rotor,3,1,1
Drone3_Altitude,3,1,1
Drone3_NoFlyZone,3,1,1
Drone3_Distance,3,1,1
Drone4_Battery,3,1,1
Drone4_WindSpeed,3,1,1
Drone4_Rotor,3,1,1
Drone4_Altitude,3,1,1
Drone4_NoFlyZone,3,1,1
Drone4_Distance,3,1,1
(XXX),1,0,0
(...),1,1,0
